<?xml version="1.0" encoding="UTF-8"?>
<!--<!DOCTYPE bookCatalog SYSTEM "catalog.dtd">-->

<bookCatalog xmlns:xsi='http://www.w3.org/2001/XMLSchema-instance'
  xsi:noNamespaceSchemaLocation='catalog.xsd'>
    <book>
        <title>Simon Schuster</title>
        <author>Simon</author>
        <author>Schuster</author>  
        <publisher>Kindle Direct Sdn Bhd</publisher>
        <ISBN>
            <ISBN10>8675544339</ISBN10>
        </ISBN>
    </book>
    <book>
        <title>C Sharp</title>
        <author>P.Ra</author>
        <publisher>Kindle Direct Sdn Bhd</publisher>
        <ISBN>
            <ISBN13>867-5544339123</ISBN13>
        </ISBN>
    </book>
</bookCatalog>
