<?xml version="1.0" encoding="UTF-8"?>
<!DOCTYPE contacts SYSTEM "Contacts.dtd">

<contacts>
    <contact personID="P1001" gender="female">
        <name>
            <first>Tan</first>
            <middle>Ming</middle>
            <last>Siew</last>
        </name>
        <phone>0360781290</phone>
        <phone kind="Work">0112983443</phone>
        <knows contact="P1001 P1002"></knows>
        <website>ms.com</website>
        <email>ms@gmail.com</email>
    </contact>
    <contact personID="P1002" gender="male">
        <name>
            <first>Low</first>
            <first>Meng</first>
            <last>Kit</last>
        </name>
        <phone kind="Cell">01119892334</phone>
        <knows></knows>
        <email>mk@gmail.com</email>
        <email>ms_spare@gmail.com</email>
    </contact>
</contacts>
