<?xml version="1.0" encoding="UTF-8"?>
<!DOCTYPE trainers SYSTEM "Trainers.dtd">
<trainers>
    <trainer trainerID="A0001">
        <name>Low</name>
        <qualifications>
            <title>Bachelor</title>
            <institution>Monash</institution>
            <year>2001</year>
        </qualifications>
    </trainer>
    <trainer trainerID="A0002">
        <name>Loo</name>
        <qualifications>
            <title>Bachelor</title>
            <institution>TAR UC</institution>
            <year>2001</year>
        </qualifications>
        <qualifications>
            <title>Master</title>
            <institution>TAR UC</institution>
            <year>2003</year>
        </qualifications>
    </trainer>
</trainers>
